Product Type,No of Brands,No of SKUs,Gross Sales,Net Sales,Average SP,OSA %,% of Total,Opportunity Score,White Space Remark,Price Band to Launch In,Competing Brand 1,Competing Brand 2,Competing Brand 3
Spin Mop,8,17,50559400,30368210,908,53.6,4.21,70,Prime white space,₹1341–1705,Gala,Spotzero,Scotch brite
Water Bottle,41,159,97323357,50474774,571,55.6,8.1,70,Prime white space,₹129–653,Boldfit,Cello,Milton
Shaker / Sipper,7,13,20782694,6428157,345,59.0,1.73,58,Rented crown,₹191–283,Boldfit,Solara,Impetus
Induction Cooktop,5,14,12837740,8623637,2804,6.7,1.07,58,Rented crown,₹3815–4594,Prestige,Philips Home,DigiSmart
Broom,10,23,34141030,29430138,171,79.8,2.84,55,Rented crown,₹59–109,Gala,ratan brooms,Scotch brite
Wiper,5,12,18381172,16909147,274,79.9,1.53,54,Rented crown,₹219–289,Gala,Scotch brite,Kleeno
Gloves,2,7,10573962,4535825,309,60.6,0.88,53,Rented crown,₹119–181,Am Safe-X,Scotch brite,
Water/Shower Filter,2,9,13472490,8643176,1566,61.5,1.12,52,Rented crown,₹1357–1671,Water Science,RiverSoft,
Mop / Refill,6,15,19198500,14156740,701,67.5,1.6,50,Rented crown,₹160–388,Gala,U.P.C.,Am Safe-X
Cookware / Pan,15,59,44781828,26725321,1271,56.0,3.73,50,Prime white space,₹489–1089,Wonderchef,Prestige,Judge
Pressure Cooker,6,23,20985486,13367779,1668,53.4,1.75,50,Rented crown,₹1000–1295,Wonderchef,Prestige,Judge
Bucket,3,4,13929100,10950752,432,68.1,1.16,48,Rented crown,₹279–349,Nayasa,Cello,Pasabahce
Storage Container,21,67,43904763,27889996,531,64.5,3.65,48,Prime white space,₹867–1113,Nayasa,Cello,Cutting Edge
Wall Hook,8,19,30836959,9677329,222,78.2,2.57,47,Organic fortress,₹60–135,Creative Space,Homestrap,Zulaxy
Thermal/Insulated Flask,28,108,44151372,27250173,1087,53.5,3.67,47,Open & contested,₹1109–1540,Solara,Milton,Boldfit
Cloth Drying Stand,3,5,10558850,3861691,1960,57.9,0.88,47,Organic fortress,₹1791–2020,Limetro Steel,Bathla,Zulaxy
Kitchen Cloth / Apron,8,8,19315161,10967556,356,80.5,1.61,46,Organic fortress,₹67–313,Aravi,fullhouz,Kleeno
All-Purpose Cleaner,1,2,4183820,3821898,256,79.0,0.35,46,Rented crown,₹261–264,Wd40,,
Pad Lock,3,16,16888584,14589325,480,75.5,1.41,45,Rented crown,₹59–219,Link,Travel Blue,Hindson
Bath/Hand/Face Towel,24,96,40222691,26455881,627,66.8,3.35,44,Prime white space,₹69–487,Welspun,Boldfit,Am Safe-X
Dinner Set / Plate,47,146,49714455,27646927,910,66.1,4.14,44,Crowded shelf,₹1883–2775,Cello,Hazel,Larah
Cloth Clip / Peg,7,11,11794471,6724974,241,63.3,0.98,43,Prime white space,₹70–156,Wewel,Aravi,sophiya
Cloth Hanger,11,23,16485461,7718700,380,65.2,1.37,42,Prime white space,₹879–1062,Wewel,Homestrap,HangitNow
Toilet Brush,3,8,9422505,9069071,275,81.4,0.78,42,Rented crown,₹239–379,Gala,Scotch brite,KLAP
Gas Lighter,6,9,10267964,6447056,292,65.1,0.85,42,Organic fortress,₹89–191,Fackelmann,Wonderchef,Warmfinity
Lunch Box / Tiffin,20,61,28599670,17364214,822,53.3,2.38,41,Open & contested,₹299–635,Milton,Borosil,Cello
Shelf / Rack,9,12,8399252,3819586,645,47.9,0.7,40,Prime white space,₹248–688,Bulfyss,Homestrap,New Dawn
Dustbin,8,11,10875605,7838225,526,65.6,0.91,40,Rented crown,₹643–775,Nayasa,Cello,Aravi
Chopper / Peeler / Grater,14,23,15138734,8462598,305,63.8,1.26,40,Prime white space,₹379–709,Fackelmann,averx,Wonderchef
Gas Stove,2,8,6595259,4829977,3619,64.3,0.55,38,Rented crown,₹5049–5911,Prestige,Thermador,
Mug / Cup,42,134,38156805,24517397,584,70.6,3.18,38,Crowded shelf,₹59–477,Femora,Chumbak,Mad Over Print
Soap Case / Dish,1,1,2029821,2013582,124,82.0,0.17,37,Rented crown,₹124–124,Nayasa,,
Rolling Pin / Roti Maker,2,5,5501990,2018298,544,53.6,0.46,37,Organic fortress,₹100–270,Swastika,Vesta Homes,
Baking Mould / Tray,9,29,15449753,8553945,210,62.1,1.29,36,Open & contested,₹42–133,Hazel,Aravi,Cutting Edge
Bowl,49,145,30204766,17449655,598,59.0,2.51,35,Crowded shelf,₹861–1670,Nestasia,Hazel,Irida Naturals
Wardrobe/Cloth Organizer,7,27,13920404,8009281,626,63.2,1.16,34,Rented crown,₹923–1099,Homestrap,Zulaxy,Solstice
Cleaning Brush,15,21,12227757,7174769,277,76.5,1.02,34,Prime white space,₹70–248,Picfest,Scotch brite,Gala
Basket (Multipurpose),6,7,3829487,2689460,487,71.3,0.32,33,Rented crown,₹168–314,Homestrap,Nayasa,WonderStand
Storage Box / Organizer,27,94,21436480,12671330,699,58.6,1.78,32,Crowded shelf,₹899–1599,WonderStand,Birch & Co.,Senego by Trendy Home
Drinking Glass,20,93,19965929,14147773,1120,63.3,1.66,31,Crowded shelf,₹199–1523,Borosil,Cello,Femora
Chopping Board,14,22,7271394,3061702,485,64.7,0.61,30,Crowded shelf,₹199–399,Bulfyss,Rusabl,Vesta Homes
Microfiber/Cleaning Cloth,6,8,2819462,1042533,364,62.7,0.23,30,Rented crown,₹293–395,Am Safe-X,Cutting Edge,Bunsak
Serving Tray,37,109,26795972,14623801,947,71.4,2.23,29,Crowded shelf,₹88–566,Aravi,Birch & Co.,Cutting Edge
Sauce Pan / Appe Pan,7,10,2886241,1466672,1080,45.9,0.24,29,Crowded shelf,₹783–1055,Solara,Wonderchef,The Indus Valley
Storage Bag / Pouch,10,25,6646624,3930108,356,45.3,0.55,29,Rented crown,₹335–576,Homestrap,Shalimar,Homez it
Cutlery (Spoon/Fork),30,93,15035213,8377157,435,59.4,1.25,28,Crowded shelf,₹109–539,Parage,CutTales,Hazel
Duster,5,6,4714347,2698730,348,79.5,0.39,28,Organic fortress,₹119–235,Gala,Creative Space,Zulaxy
Floor Cloth / Pocha,3,3,6564004,5254775,131,88.4,0.55,28,Organic fortress,₹125–137,Gala,Bunsak,Scotch brite
Ladle / Skimmer,8,13,2993839,1721026,420,52.0,0.25,27,Crowded shelf,₹264–397,Parage,Lifelong,Wonderchef
Colander / Strainer,9,12,6984294,4547273,252,74.9,0.58,27,Organic fortress,₹143–244,Happy Kitchen,Fackelmann,Aravi
Jar / Canister,13,36,5858575,3628290,860,48.0,0.49,27,Crowded shelf,₹215–612,Cutting Edge,Milton,Borosil
Shopping / Lunch Bag,8,11,5315398,2488814,1063,74.7,0.44,27,Organic fortress,₹169–711,Navum,Nestasia,Rusabl
Cloth Rope / Line,3,6,7940713,1844831,74,75.8,0.66,27,Organic fortress,₹24–68,Aravi,fullhouz,Sakoraware
Laundry Basket,7,15,18966053,6222232,533,77.8,1.58,26,Organic fortress,₹164–391,PrettyKrafts,Homestrap,Royalkart
Reed Diffuser,10,30,14291879,8158105,559,82.7,1.19,26,Organic fortress,₹199–609,Mangalam,Auradecor,Soulflower
Showpiece / Figurine,15,98,10552285,3582717,736,42.1,0.88,26,Crowded shelf,₹199–519,Satyam Kraft,Tied Ribbons,Ecraftindia
Dustpan,2,2,4340653,4340653,108,81.4,0.36,26,Organic fortress,₹90–97,Gala,Nayasa,
Casserole,26,71,12933848,7180589,1225,61.3,1.08,25,Rented crown,₹307–749,Milton,Nayasa,Cello
Wall Clock,8,19,3088430,1859083,1441,54.2,0.26,25,Rented crown,₹235–787,Nautica,Teal By Chumbak,Random
Soap Dispenser,10,17,2979784,1761596,415,56.8,0.25,24,Crowded shelf,₹180–274,New Dawn,Homestrap,spasht
Scented Candle,20,115,24810266,11017877,471,78.4,2.06,23,Organic fortress,₹54–453,Auradecor,Bella Vita Organic,Ekam
Tea Light Candle,10,32,16436896,6718082,348,74.2,1.37,22,Organic fortress,₹121–497,Auradecor,Shubh kart,Prosperro lumo
Garden Hose / Nozzle,4,4,3198946,2642022,255,61.7,0.27,21,Organic fortress,₹245–251,Prestige,Navum,Hazel
Table Linen / Mat,24,50,3703515,1709639,485,60.6,0.31,19,Crowded shelf,₹377–635,GKD,Homestrap,Birch & Co.
Knife,11,14,4237724,3573955,327,76.6,0.35,19,Organic fortress,₹49–247,Happy Kitchen,Fackelmann,Godrej Cartini
Table Cover / Cloth,3,6,2154779,1113096,978,63.2,0.18,19,Organic fortress,₹1199–1399,Urban Space,alina,House of Quirk
Bathroom Set,2,2,3674984,2239550,1251,41.6,0.31,18,Organic fortress,₹699–920,Cello,Nayasa,
Jug,17,23,2477689,2000974,671,48.4,0.21,18,Crowded shelf,₹493–817,Nayasa,Femora,Ocean
Ladder,1,4,8207721,4039187,3831,29.7,0.68,17,Organic fortress,₹2590–3072,Bathla,,
Kitchen Scissors,2,3,2437968,2065546,252,75.0,0.2,16,Organic fortress,₹159–199,Godrej Cartini,Nirosta,
TDS / Water Tester,2,2,2253816,836922,204,65.5,0.19,16,Organic fortress,₹179–189,Desidiya,Themisto,
Health Faucet,4,8,1842208,956316,535,47.9,0.15,15,Organic fortress,₹459–669,Pesca,Water Science,Lorazzo
Ironing Board,1,1,1335037,644546,3900,39.0,0.11,15,Organic fortress,₹3900–3900,Bathla,,
Bath Stool / Stool,3,3,1113906,899098,718,22.5,0.09,13,Organic fortress,₹349–540,Nayasa,Cello,Sammsara
Oil Dispenser,8,8,1515230,732352,374,50.5,0.13,12,Crowded shelf,₹174–258,DeliBohemi,Cutting Edge,Nayasa
Candle / Diya Holder,10,25,16330916,4589533,618,77.6,1.36,12,Organic fortress,₹99–487,Auradecor,Tied Ribbons,pieces and accents
Toothbrush Holder,1,1,2631404,582480,199,38.0,0.22,12,Organic fortress,₹199–199,Zulaxy,,
Spatula / Turner,9,11,1553787,929614,297,62.0,0.13,11,Crowded shelf,₹470–652,Agaro,Fackelmann,Wonderchef
Vase / Pot,5,12,1418653,784477,816,55.5,0.12,10,Crowded shelf,₹263–487,Birch & Co.,The Artment,Amaya Decors
Spice Box,9,19,1502122,1045767,1790,55.0,0.13,10,Crowded shelf,₹169–735,Nayasa,ExclusiveLane,Peepul Tree
Wall Art / Print,8,31,1466307,553012,912,35.7,0.12,10,Organic fortress,₹132–1205,Tied Ribbons,linensutra,Daak Vaak
Teapot / Kettle,4,8,1189013,454767,801,32.8,0.1,10,Organic fortress,₹667–839,Solara,Sipologie,Cutting Edge
Lint Roller,2,2,768669,229832,324,49.0,0.06,9,Rented crown,₹299–309,Royalkart,House of Quirk,
Diya,13,83,4003387,2924108,186,78.2,0.33,9,Organic fortress,₹370–527,Shubh kart,Servdharm,Tied Ribbons
Adhesive / Sealant,2,4,2484641,2321569,106,83.7,0.21,8,Organic fortress,₹29–79,M-Seal,Mr Pen,
Glassware,5,8,1250777,984737,500,62.5,0.1,8,Organic fortress,₹665–809,Borosil,Wonderchef,O'cean
Lunch Set,3,6,850852,618168,1040,43.9,0.07,7,Rented crown,₹338–732,Cello,Oliveware,Glasafe
Candle,3,8,1623205,720361,304,79.0,0.14,7,Organic fortress,₹921–1127,Auradecor,Birch & Co.,Prosperro lumo
Cake Stand,6,6,993520,507921,972,64.8,0.08,7,Organic fortress,₹811–1233,Vesta Homes,Chumbak,ReeQ
Sewing Kit,2,2,1588239,991043,390,51.9,0.13,7,Organic fortress,₹455–499,Navum,Spartan,
Water Dispenser Pump,2,2,876198,438041,544,29.2,0.07,6,Organic fortress,₹507–522,Konquer Times,Agaro,
Shoe Rack,4,7,682732,343125,1209,21.2,0.06,5,Organic fortress,₹499–899,Yellocut,Tied Ribbons,House of Quirk
Drinking Straw,6,6,593805,276797,281,38.9,0.05,5,Crowded shelf,₹502–598,New Dawn,Bloomingdale,FunBlast
Idli / Steamer Maker,4,4,586797,456735,1438,44.8,0.05,4,Organic fortress,₹1185–1333,Prestige,Avias,Vinod
Sealant / Gap Filler,1,1,855404,236925,249,34.0,0.07,4,Organic fortress,₹249–249,Zulaxy,,
Measuring Tape,1,2,1514819,1123951,133,64.6,0.13,4,Organic fortress,₹49–83,freeman,,
Key Chain,2,4,1109786,810238,293,78.5,0.09,4,Organic fortress,₹150–190,Wingz,FunBlast,
Washing Machine Accessory,2,2,539452,118369,686,34.5,0.04,3,Organic fortress,₹274–439,Zulaxy,WonderStand,
Mouse/Pest Control,4,5,434284,321191,415,62.3,0.04,3,Rented crown,₹462–536,Homestrap,Aravi,shree delight
Sponge / Scrub,1,1,1271667,1248117,159,69.0,0.11,3,Organic fortress,₹159–159,Scotch brite,,
Drying Mat,1,1,253424,139383,275,51.0,0.02,3,Rented crown,₹275–275,Cutting Edge,,
Bottle Opener,2,3,490705,383894,139,73.7,0.04,2,Organic fortress,₹182–201,super mom by apex,fullhouz,
Medicine / First Aid Box,2,2,507714,384840,269,71.0,0.04,2,Organic fortress,₹281–289,Milton,Yellocut,
Gift Box / Hamper,5,7,297519,178267,850,29.1,0.02,2,Organic fortress,₹1714–2109,Nautica,Birch & Co,Iris
Label / Sticker,1,1,1386721,691971,249,84.0,0.12,2,Organic fortress,₹249–249,Navum,,
Plunger,1,1,978088,978088,90,76.0,0.08,2,Organic fortress,₹90–90,Gala,,
Hand Blender / Mixer,4,5,308514,264985,343,42.1,0.03,2,Organic fortress,₹119–281,Fackelmann,Yellocut,Vinayak
Cylinder Trolley,4,5,406225,169307,248,48.6,0.03,2,Organic fortress,₹272–309,Tinums,Polyset,Kvg
Bathroom Accessory Set,2,5,207264,97767,991,36.2,0.02,1,Rented crown,₹654–843,ExclusiveLane,The Better Home,
Dish / Sink Brush,1,1,981063,981063,180,85.0,0.08,1,Organic fortress,₹180–180,Gala,,
Ice Cream Scoop,1,1,153433,68904,269,11.0,0.01,1,Organic fortress,₹269–269,Sakoraware,,
Tea Infuser,1,2,465973,374444,230,76.2,0.04,1,Organic fortress,₹252–267,Fackelmann,,
Napkin Holder / Ring,3,3,142861,94103,521,52.7,0.01,1,Organic fortress,₹548–712,Amaya Decors,Nayasa,ExclusiveLane
Faucet / Tap,4,6,101294,52255,677,21.6,0.01,1,Rented crown,₹579–739,Water Science,G.Fidel,JOHNSON
Screen / Lens Cleaner,3,3,306447,305699,299,69.9,0.03,1,Organic fortress,₹469–549,Zeiss,Am Safe-X,Sounce
Salt & Pepper / Cruet,3,4,113941,69692,382,42.4,0.01,1,Organic fortress,₹104–203,Nayasa,ExclusiveLane,The Better Home
Cutlery Holder / Caddy,4,9,97010,71660,1077,30.9,0.01,1,Rented crown,₹793–1057,House of Quirk,brick brown,pieces and accents
Bottle / Wine Holder,1,1,74177,64401,1996,40.0,0.01,1,Rented crown,₹1996–1996,The Artment,,
Plate Stand / Rack,1,1,173912,98434,849,55.0,0.01,1,Organic fortress,₹849–849,New Dawn,,
Butter / Serving Dish,2,2,85612,60636,358,38.8,0.01,1,Organic fortress,₹375–386,Nayasa,Indigo,
Tong / Pakad,3,3,195694,171670,163,67.2,0.02,1,Organic fortress,₹151–177,Happy Kitchen,Vinayak,Indigo
Toilet Roll Holder,4,6,118150,105241,456,54.3,0.01,0,Organic fortress,₹267–380,WonderStand,Picfest,pieces and accents
Cleaning Wipes,6,7,115784,113676,231,70.4,0.01,0,Organic fortress,₹189–211,Zeiss,Svish on the go,Duzzit
Connection Pipe,1,1,37819,23063,397,32.0,0.0,0,Organic fortress,₹397–397,Lifelong,,
Bread / Atta Maker,1,1,49100,37011,7538,53.0,0.0,0,Organic fortress,₹7538–7538,Kent,,
Rice / Food Server,1,1,22185,17718,119,53.0,0.0,0,Organic fortress,₹119–119,Vinayak,,
Photo Frame,3,4,12917,11668,550,25.8,0.0,0,Organic fortress,₹359–486,Archies,Chumbak,pieces and accents
Bathrobe,1,2,10050,5525,1099,8.0,0.0,0,Organic fortress,₹1099–1099,MYTRIDENT,,
Furniture Pads,1,2,5364,2283,399,5.4,0.0,0,Organic fortress,₹299–339,Royalkart,,
Milk Boiler,1,1,5236,3150,749,9.0,0.0,0,Organic fortress,₹749–749,Pigeon,,
Bangle / Vanity Box,1,2,4635,978,949,3.8,0.0,0,Organic fortress,₹949–949,Kuber Industries,,
Wall Mirror,2,2,3938,3535,2324,15.7,0.0,0,Organic fortress,₹2429–2499,Ocko,pieces and accents,
Key Holder,1,3,1777,1338,490,1.0,0.0,0,Organic fortress,₹451–463,indianshelf,,
Trivet / Pot Holder,1,1,1636,1181,649,1.0,0.0,0,Organic fortress,₹649–649,Kavi The Poetry-Art Project,,
Floor Drainer / Trap,2,2,1365,1181,470,3.0,0.0,0,Organic fortress,₹470–470,Polyset,JOHNSON,
Coffee Maker,1,1,1182,394,1199,3.0,0.0,0,Organic fortress,₹1199–1199,Ekhasa,,
